,City,Country,Lat,Lng,Max Temp (Celsius),Humidity %,Cloudiness %,Wind Speed (kmph),Date
0,Albany,US,42.6001,-73.9662,1.11,59,58,0.45,2021-04-22 02:49:58
1,George Town,MY,5.4112,100.3354,30.0,79,20,1.54,2021-04-22 02:46:29
2,Mataura,NZ,-46.1927,168.8643,12.78,81,92,1.79,2021-04-22 02:50:00
3,Biak,ID,-0.9131,122.8766,28.38,70,73,2.42,2021-04-22 02:50:01
4,Poum,NC,-20.2333,164.0167,25.32,81,17,3.94,2021-04-22 02:50:03
5,Tiksi,RU,71.6872,128.8694,-10.99,79,95,4.84,2021-04-22 02:50:04
6,Kavieng,PG,-2.5744,150.7967,29.06,69,82,4.25,2021-04-22 02:50:05
7,Hobart,AU,-42.8794,147.3294,16.0,41,40,10.29,2021-04-22 02:49:34
8,Lander,US,42.833,-108.7307,4.0,48,1,2.43,2021-04-22 02:50:07
9,Caxito,AO,-8.5785,13.6643,22.9,93,88,1.55,2021-04-22 02:50:08
10,Tasiilaq,GL,65.6145,-37.6368,-3.0,54,75,8.75,2021-04-22 02:50:10
11,Rikitea,PF,-23.1203,-134.9692,24.85,76,100,5.73,2021-04-22 02:50:11
12,La Ronge,CA,55.1001,-105.2842,14.0,21,20,1.54,2021-04-22 02:50:12
13,Bengkulu,ID,-3.8004,102.2655,28.36,68,44,1.51,2021-04-22 02:50:13
14,Torbay,CA,47.6666,-52.7314,3.33,93,20,2.57,2021-04-22 02:50:14
15,Busselton,AU,-33.65,115.3333,18.33,75,98,1.79,2021-04-22 02:50:15
16,Buenavista,PH,8.9769,125.4089,31.14,59,66,2.44,2021-04-22 02:50:17
17,Ushuaia,AR,-54.8,-68.3,6.0,70,75,1.12,2021-04-22 02:49:22
18,Flin Flon,CA,54.7682,-101.865,3.36,80,5,2.81,2021-04-22 02:50:19
19,Khovd,MN,48.0056,91.6419,-0.05,62,100,2.65,2021-04-22 02:50:21
20,Cabo San Lucas,MX,22.8909,-109.9124,25.0,23,40,3.09,2021-04-22 02:50:22
21,Bluff,NZ,-46.6,168.3333,12.22,82,100,1.79,2021-04-22 02:50:24
22,Avera,US,33.194,-82.5271,10.56,46,1,3.09,2021-04-22 02:50:26
23,Saint-Prosper,CA,46.2117,-70.4811,-2.0,100,100,1.54,2021-04-22 02:50:28
24,Hermanus,ZA,-34.4187,19.2345,19.44,86,88,2.68,2021-04-22 02:50:29
25,Tommot,RU,58.9564,126.2925,-0.69,59,100,5.38,2021-04-22 02:50:32
26,Flinders,AU,-34.5833,150.8552,20.0,42,1,2.68,2021-04-22 02:50:33
27,Upernavik,GL,72.7868,-56.1549,-10.2,66,100,2.23,2021-04-22 02:50:34
28,Airai,TL,-8.9266,125.4092,23.93,52,32,1.02,2021-04-22 02:50:35
29,Kapaa,US,22.0752,-159.319,24.44,83,90,2.57,2021-04-22 02:50:37
30,Haines Junction,CA,60.7522,-137.5108,7.0,29,3,2.57,2021-04-22 02:50:38
31,Bhāyāvadar,IN,21.85,70.25,27.97,53,92,2.46,2021-04-22 02:50:39
32,Chui,UY,-33.6971,-53.4616,18.82,75,3,5.64,2021-04-22 02:50:40
33,Coyhaique,CL,-45.5752,-72.0662,4.83,95,73,2.9,2021-04-22 02:49:24
34,Ugoofaaru,MV,5.6667,73.0,28.37,72,64,3.92,2021-04-22 02:50:44
35,Kavaratti,IN,10.5669,72.642,28.73,63,26,1.94,2021-04-22 02:50:45
36,Punta Arenas,CL,-53.15,-70.9167,7.0,53,0,2.11,2021-04-22 02:50:46
37,Chapleau,CA,47.8405,-83.4034,-4.46,79,87,3.03,2021-04-22 02:50:47
38,Lompoc,US,34.6391,-120.4579,12.0,76,54,4.12,2021-04-22 02:50:48
39,Ahipara,NZ,-35.1667,173.1667,19.11,64,52,1.97,2021-04-22 02:50:49
40,Nikolskoye,RU,59.7035,30.7861,1.67,93,40,3.0,2021-04-22 02:50:50
41,Ojinaga,MX,29.5667,-104.4167,17.0,36,1,7.72,2021-04-22 02:50:52
42,Lebu,CL,-37.6167,-73.65,11.51,81,26,4.49,2021-04-22 02:50:53
43,Hong Kong,HK,22.2855,114.1577,26.67,72,0,0.89,2021-04-22 02:47:40
44,Sitka,US,57.0531,-135.33,13.0,30,20,2.06,2021-04-22 02:50:55
45,Vaini,TO,-21.2,-175.2,29.0,79,75,3.6,2021-04-22 02:50:56
46,Souillac,MU,-20.5167,57.5167,25.0,88,40,1.54,2021-04-22 02:50:57
47,La Santisima Trinidad,BO,-14.8333,-64.9,23.21,95,0,1.66,2021-04-22 02:49:24
48,Spencer,US,43.1414,-95.1444,4.0,56,90,3.6,2021-04-22 02:51:00
49,Cape Town,ZA,-33.9258,18.4232,17.78,94,0,2.57,2021-04-22 02:50:07
50,Rio Grande,BR,-32.035,-52.0986,19.44,85,79,0.45,2021-04-22 02:51:03
51,Guerrero Negro,MX,27.9769,-114.0611,14.55,75,99,6.85,2021-04-22 02:51:04
52,Comodoro Rivadavia,AR,-45.8667,-67.5,11.0,66,0,3.6,2021-04-22 02:51:05
53,Kirakira,SB,-10.4544,161.9205,29.99,70,85,4.01,2021-04-22 02:51:07
54,Resistencia,AR,-27.4606,-58.9839,22.78,81,5,1.79,2021-04-22 02:49:01
55,Jamestown,US,42.097,-79.2353,-3.0,86,75,4.12,2021-04-22 02:49:45
56,Dikson,RU,73.5069,80.5464,-3.83,96,98,5.92,2021-04-22 02:51:12
57,Mananjary,MG,-21.2167,48.3333,21.42,91,94,2.41,2021-04-22 02:51:13
58,Hirara,JP,24.8,125.2833,24.0,88,75,7.2,2021-04-22 02:46:38
59,Longyearbyen,SJ,78.2186,15.6401,-8.0,73,75,4.63,2021-04-22 02:51:17
60,Yellowknife,CA,62.456,-114.3525,-7.78,57,75,5.66,2021-04-22 02:51:18
61,Sorada,IN,19.75,84.4333,34.41,34,98,0.89,2021-04-22 02:51:19
62,Clyde River,CA,70.4692,-68.5914,-13.0,92,1,5.66,2021-04-22 02:51:20
63,Nouakchott,MR,18.0858,-15.9785,21.0,83,0,6.69,2021-04-22 02:49:30
64,Cañete,CL,-37.8,-73.4,10.38,91,79,1.47,2021-04-22 02:51:23
65,Khatanga,RU,71.9667,102.5,-5.63,93,100,7.52,2021-04-22 02:51:24
66,Zahesi,GE,41.8246,44.7536,11.0,87,40,5.14,2021-04-22 02:51:25
67,Aripuanã,BR,-9.1667,-60.6333,22.0,99,30,0.84,2021-04-22 02:51:26
68,Kathmandu,NP,27.7167,85.3167,14.0,94,75,0.56,2021-04-22 02:45:11
69,Buala,SB,-8.145,159.5921,29.26,70,99,1.38,2021-04-22 02:51:28
70,Puerto Ayora,EC,-0.7393,-90.3518,24.44,97,81,1.34,2021-04-22 02:51:30
71,Laguna,US,38.421,-121.4238,23.0,48,1,6.69,2021-04-22 02:51:31
72,Gamboula,CF,4.1178,15.1393,19.81,95,100,0.53,2021-04-22 02:51:32
73,Adrar,MR,20.5022,-10.0711,23.71,16,1,5.23,2021-04-22 02:51:33
74,Praxédis Guerrero,MX,31.3667,-106.0167,20.0,19,40,5.14,2021-04-22 02:51:34
75,Sosnovo-Ozerskoye,RU,52.5249,111.5418,2.16,24,85,3.4,2021-04-22 02:51:35
76,Mar del Plata,AR,-38.0023,-57.5575,20.0,88,81,7.2,2021-04-22 02:49:01
77,Bafia,CM,4.75,11.2333,20.42,96,22,0.66,2021-04-22 02:51:39
78,San Patricio,US,28.017,-97.5169,18.0,72,1,3.09,2021-04-22 02:51:40
79,Saldanha,ZA,-33.0117,17.9442,13.0,94,1,2.07,2021-04-22 02:48:58
80,Usinsk,RU,65.9939,57.5281,3.91,82,100,7.26,2021-04-22 02:51:42
81,Sarangani,PH,5.4033,125.4636,28.62,72,2,6.22,2021-04-22 02:51:43
82,Wairoa,NZ,-39.0333,177.3667,18.33,66,23,1.79,2021-04-22 02:51:44
83,Nyurba,RU,63.2842,118.3319,-3.43,67,95,2.78,2021-04-22 02:51:46
84,Hervey Bay,AU,-25.2986,152.8535,23.89,50,98,1.79,2021-04-22 02:51:47
85,Deputatsky,RU,69.3,139.9,-10.88,72,100,2.13,2021-04-22 02:51:48
86,Angoche,MZ,-16.2325,39.9086,24.01,87,45,3.82,2021-04-22 02:51:49
87,Bundaberg,AU,-24.85,152.35,23.0,53,40,2.06,2021-04-22 02:51:50
88,Savannah Bight,HN,16.45,-85.85,27.22,86,95,10.84,2021-04-22 02:51:51
89,Hilo,US,19.7297,-155.09,28.0,57,75,4.12,2021-04-22 02:51:53
90,Marand,IR,38.4329,45.7749,18.0,48,40,2.06,2021-04-22 02:51:54
91,Ostrovnoy,RU,68.0531,39.5131,2.19,96,100,3.77,2021-04-22 02:51:55
92,Esperance,AU,-33.8667,121.9,17.0,67,90,1.03,2021-04-22 02:51:56
93,Maracaju,BR,-21.6144,-55.1683,18.55,53,0,1.98,2021-04-22 02:51:57
94,Vila,PT,42.0304,-8.1588,10.0,94,100,0.45,2021-04-22 02:51:58
95,Chokurdakh,RU,70.6333,147.9167,-8.73,87,100,5.99,2021-04-22 02:52:00
96,Ghanzi,BW,-21.5667,21.7833,13.84,45,5,4.04,2021-04-22 02:52:01
97,Ciudad del Carmen,MX,18.6333,-91.8333,26.79,81,26,7.27,2021-04-22 02:52:02
98,Port Alfred,ZA,-33.5906,26.891,20.46,90,100,2.49,2021-04-22 02:52:03
99,Kaitangata,NZ,-46.2817,169.8464,14.44,79,50,1.79,2021-04-22 02:52:07
100,Yinchuan,CN,38.4681,106.2731,19.78,39,67,5.01,2021-04-22 02:51:27
101,Bambous Virieux,MU,-20.3428,57.7575,25.0,88,40,1.54,2021-04-22 02:52:09
102,Madison,US,34.7334,-86.5667,6.11,61,1,1.54,2021-04-22 02:52:10
103,Port Elizabeth,ZA,-33.918,25.5701,18.0,94,40,4.12,2021-04-22 02:52:12
104,East London,ZA,-33.0153,27.9116,19.97,89,79,2.01,2021-04-22 02:48:33
105,Touros,BR,-5.1989,-35.4608,26.0,89,40,1.03,2021-04-22 02:52:14
106,Hithadhoo,MV,-0.6,73.0833,28.14,68,71,2.21,2021-04-22 02:52:15
107,Maniitsoq,GL,65.4167,-52.9,-4.37,69,2,2.79,2021-04-22 02:51:41
108,Neryungri,RU,56.6709,124.6491,-4.41,74,100,7.08,2021-04-22 02:52:17
109,Isangel,VU,-19.55,169.2667,29.0,79,75,4.32,2021-04-22 02:52:18
110,Midland,US,31.9974,-102.0779,9.0,34,1,5.66,2021-04-22 02:51:02
111,Vila Velha,BR,-20.3297,-40.2925,23.0,83,0,2.06,2021-04-22 02:52:21
112,Yar-Sale,RU,66.8333,70.8333,0.93,99,100,4.41,2021-04-22 02:52:22
113,Tura,IN,25.5198,90.2201,28.41,49,100,0.88,2021-04-22 02:50:55
114,Nchelenge,ZM,-9.3451,28.734,19.73,90,99,2.86,2021-04-22 02:52:25
115,Skowhegan,US,44.7651,-69.7192,3.89,95,100,4.46,2021-04-22 02:52:27
116,La Palma,US,33.8464,-118.0467,16.11,72,75,4.63,2021-04-22 02:52:28
117,New Norfolk,AU,-42.7826,147.0587,15.56,61,75,3.58,2021-04-22 02:52:29
118,Gold Coast,AU,-28.0,153.4333,23.0,40,100,5.14,2021-04-22 02:49:10
119,Dingle,PH,10.9995,122.6711,32.51,52,100,7.43,2021-04-22 02:52:31
120,Havøysund,NO,70.9963,24.6622,1.0,69,75,2.06,2021-04-22 02:52:32
121,Bānda,IN,25.4833,80.3333,28.21,33,1,1.19,2021-04-22 02:52:33
122,Leningradskiy,RU,69.3833,178.4167,2.57,75,4,2.04,2021-04-22 02:52:35
123,Eyemouth,GB,55.8713,-2.0901,2.0,80,66,3.09,2021-04-22 02:52:36
124,Baruun-Urt,MN,46.6806,113.2792,13.5,38,65,7.34,2021-04-22 02:52:37
125,Ancud,CL,-41.8697,-73.8203,7.78,100,0,1.8,2021-04-22 02:52:38
126,Bireun,ID,5.203,96.7009,29.13,70,100,1.97,2021-04-22 02:52:40
127,Kayerkan,RU,69.3497,87.7602,-5.35,93,100,5.48,2021-04-22 02:52:41
128,Maceió,BR,-9.6658,-35.7353,24.0,94,0,1.54,2021-04-22 02:52:42
129,Kahului,US,20.8947,-156.47,28.0,54,40,6.69,2021-04-22 02:52:43
130,Mahébourg,MU,-20.4081,57.7,25.0,88,40,1.54,2021-04-22 02:52:45
131,Kruisfontein,ZA,-34.0033,24.7314,17.22,97,100,0.45,2021-04-22 02:52:47
132,Barrow,US,71.2906,-156.7887,-6.0,93,90,4.12,2021-04-22 02:52:48
133,Grindavik,IS,63.8424,-22.4338,6.0,93,90,6.69,2021-04-22 02:52:49
134,Rawson,AR,-43.3002,-65.1023,15.0,88,40,4.29,2021-04-22 02:52:50
135,Ngunguru,NZ,-35.6167,174.5,21.67,68,20,4.02,2021-04-22 02:52:51
136,Hunchun,CN,42.8675,130.3581,20.25,40,100,4.53,2021-04-22 02:52:52
137,Dholka,IN,22.7167,72.4667,29.0,61,78,2.06,2021-04-22 02:52:53
138,Cidreira,BR,-30.1811,-50.2056,21.25,62,89,7.83,2021-04-22 02:52:55
139,Port Moresby,PG,-9.4431,147.1797,29.2,68,58,2.64,2021-04-22 02:52:56
140,Port Augusta,AU,-32.5,137.7667,19.0,59,90,5.14,2021-04-22 02:52:57
141,Kloulklubed,PW,7.0419,134.2556,29.0,79,75,3.09,2021-04-22 02:52:58
142,Namatanai,PG,-3.6667,152.4333,27.01,78,100,2.13,2021-04-22 02:52:59
143,Arraial do Cabo,BR,-22.9661,-42.0278,22.39,80,10,3.18,2021-04-22 02:53:02
144,Mocuba,MZ,-16.8392,36.9856,20.4,99,94,1.82,2021-04-22 02:53:03
145,Saint-Philippe,RE,-21.3585,55.7679,25.0,83,0,3.6,2021-04-22 02:53:04
146,Tucumã,BR,-0.1833,-50.05,24.0,93,100,1.68,2021-04-22 02:53:05
147,Portland,US,45.5234,-122.6762,22.22,32,75,3.09,2021-04-22 02:49:55
148,Avarua,CK,-21.2078,-159.775,28.0,65,40,6.17,2021-04-22 02:53:08
149,Zhigansk,RU,66.7697,123.3711,-10.39,70,100,1.26,2021-04-22 02:53:09
150,Iqaluit,CA,63.7506,-68.5145,-9.0,79,75,8.75,2021-04-22 02:53:10
151,Whitehorse,CA,60.7161,-135.0538,4.0,26,1,1.03,2021-04-22 02:53:11
152,Hambantota,LK,6.1241,81.1185,27.0,94,20,2.06,2021-04-22 02:51:39
153,Faanui,PF,-16.4833,-151.75,27.41,74,83,6.86,2021-04-22 02:53:14
154,Blagoyevo,RU,63.3667,47.9167,3.55,95,100,4.75,2021-04-22 02:53:15
155,Santa Cruz,MA,30.4202,-9.5982,14.0,88,20,1.54,2021-04-22 02:53:16
156,Poso,ID,-1.3959,120.7524,30.99,59,80,1.77,2021-04-22 02:53:17
157,Shelburne,CA,44.0787,-80.2041,-1.11,81,21,5.16,2021-04-22 02:53:18
158,Cockburn Town,TC,21.4612,-71.1419,25.61,80,61,8.94,2021-04-22 02:49:13
159,Bakchar,RU,57.0186,82.0711,-1.33,78,9,2.93,2021-04-22 02:53:22
160,Tuatapere,NZ,-46.1333,167.6833,12.22,82,100,1.79,2021-04-22 02:53:23
161,Wattegama,LK,6.7989,81.4808,27.0,94,20,2.06,2021-04-22 02:53:24
162,Puerto Colombia,CO,10.9878,-74.9547,27.0,78,20,3.6,2021-04-22 02:53:25
163,Vostok,RU,46.4856,135.8833,20.18,18,0,1.15,2021-04-22 02:53:26
164,Klaksvík,FO,62.2266,-6.589,5.0,87,75,1.54,2021-04-22 02:53:27
165,Meulaboh,ID,4.1363,96.1285,27.9,77,100,1.39,2021-04-22 02:53:28
166,Thompson,CA,55.7435,-97.8558,8.0,39,20,1.54,2021-04-22 02:53:30
167,Tulsīpur,NP,28.131,82.2973,24.87,38,80,2.05,2021-04-22 02:53:31
168,Sept-Îles,CA,50.2001,-66.3821,1.11,100,90,3.6,2021-04-22 02:53:32
169,Quatre Cocos,MU,-20.2078,57.7625,25.0,88,40,1.54,2021-04-22 02:53:33
170,Santa Maria,BR,-29.6842,-53.8069,19.0,88,0,4.63,2021-04-22 02:49:03
171,Butaritari,KI,3.0707,172.7902,27.76,78,74,6.68,2021-04-22 02:53:35
172,Kapit,MY,2.0167,112.9333,31.93,59,88,0.39,2021-04-22 02:53:37
173,Naze,JP,28.3667,129.4833,24.0,64,40,8.75,2021-04-22 02:53:37
174,Grand-Lahou,CI,5.1367,-5.0242,26.7,86,38,3.82,2021-04-22 02:53:39
175,Ribeira Grande,PT,38.5167,-28.7,16.47,83,47,16.8,2021-04-22 02:53:40
176,Burley,US,42.5357,-113.7928,14.0,17,1,1.54,2021-04-22 02:53:41
177,Kushmurun,KZ,52.4503,64.6311,9.16,46,5,1.47,2021-04-22 02:53:42
178,Grabouw,ZA,-34.1515,19.0151,16.67,94,0,2.57,2021-04-22 02:53:43
179,Kidal,ML,18.4411,1.4078,27.16,8,44,5.39,2021-04-22 02:53:45
180,Tiznit Province,MA,29.5833,-9.5,13.87,85,62,1.2,2021-04-22 02:53:46
181,São Filipe,CV,14.8961,-24.4956,22.4,70,93,5.68,2021-04-22 02:53:47
182,Abu Kamal,SY,34.4506,40.9171,21.54,22,100,5.32,2021-04-22 02:53:48
183,Nhulunbuy,AU,-12.2333,136.7667,30.0,74,40,5.14,2021-04-22 02:53:49
184,Port Hedland,AU,-20.3167,118.5667,33.0,10,5,7.2,2021-04-22 02:53:50
185,Faya,SA,18.3851,42.4509,16.0,36,0,1.72,2021-04-22 02:53:53
186,Santa Cruz de la Sierra,BO,-17.8,-63.1667,24.0,88,75,1.54,2021-04-22 02:53:55
187,Caldas Novas,BR,-17.7417,-48.625,16.55,55,0,0.32,2021-04-22 02:53:56
188,Saint Paul Harbor,US,57.79,-152.4072,6.0,87,90,8.23,2021-04-22 02:53:57
189,Wanxian,CN,30.8039,108.3897,24.58,68,22,0.65,2021-04-22 02:53:58
190,Glens Falls,US,43.3095,-73.644,0.0,69,90,4.63,2021-04-22 02:53:59
191,Pak Phanang,TH,8.3511,100.202,31.0,70,20,1.03,2021-04-22 02:54:00
192,Lata,PT,40.1629,-8.3327,13.33,95,99,0.45,2021-04-22 02:54:02
193,Half Moon Bay,US,37.4636,-122.4286,12.0,87,90,2.57,2021-04-22 02:54:03
194,Davila,PH,18.4726,120.5763,28.0,83,75,4.63,2021-04-22 02:54:04
195,Eilat,IL,29.5581,34.9482,21.0,32,100,9.26,2021-04-22 02:54:06
196,Along,IN,28.1667,94.7667,28.6,40,67,0.49,2021-04-22 02:54:07
197,Belyy Yar,RU,53.6039,91.3903,2.0,32,0,5.0,2021-04-22 02:54:08
198,Vardø,NO,70.3705,31.1107,2.0,75,75,8.23,2021-04-22 02:54:10
199,Samarai,PG,-10.6167,150.6667,28.43,75,73,1.67,2021-04-22 02:54:11
200,Bowen,AU,-20.0167,148.2333,26.0,65,40,4.12,2021-04-22 02:54:13
201,Bredasdorp,ZA,-34.5322,20.0403,17.0,94,100,5.66,2021-04-22 02:54:14
202,Shimoda,JP,34.6667,138.95,20.0,34,0,3.09,2021-04-22 02:54:15
203,Poplar Bluff,US,36.757,-90.3929,10.0,76,75,2.52,2021-04-22 02:54:16
204,Macaúbas,BR,-13.0194,-42.6986,20.45,94,99,0.62,2021-04-22 02:54:18
205,Humpolec,CZ,49.5415,15.3593,5.0,92,88,2.95,2021-04-22 02:54:19
206,Marabu,MY,4.4148,114.0089,30.0,74,20,1.54,2021-04-22 02:50:22
207,Sokolo,ML,14.7328,-6.1219,29.75,47,60,5.55,2021-04-22 02:54:21
208,Beira,MZ,-19.8436,34.8389,24.0,73,40,2.83,2021-04-22 02:54:22
209,Dunedin,NZ,-45.8742,170.5036,16.67,68,13,4.02,2021-04-22 02:53:04
210,Penne,IT,42.4538,13.9299,11.11,87,90,1.54,2021-04-22 02:54:26
211,Udomlya,RU,57.8794,34.9925,2.73,94,99,2.97,2021-04-22 02:54:27
212,Port Hardy,CA,50.6996,-127.4199,13.0,47,40,5.14,2021-04-22 02:54:28
213,Zhezkazgan,KZ,47.8043,67.7144,6.65,48,0,3.88,2021-04-22 02:54:30
214,Taltal,CL,-25.4,-70.4833,17.88,79,100,1.03,2021-04-22 02:54:31
215,Laas,IT,46.6166,10.7002,3.89,87,40,1.54,2021-04-22 02:54:20
216,Merauke,ID,-8.4667,140.3333,29.18,70,79,2.84,2021-04-22 02:54:33
217,Yabēlo,ET,4.8833,38.0833,13.87,93,96,3.01,2021-04-22 02:54:34
218,Yulara,AU,-25.2406,130.9889,24.0,25,0,5.14,2021-04-22 02:54:35
219,Monastyrshchina,RU,54.3496,31.838,3.44,95,34,3.3,2021-04-22 02:54:38
220,Coquimbo,CL,-29.9533,-71.3436,14.0,88,0,3.09,2021-04-22 02:54:39
221,Pouembout,NC,-21.1333,164.9,26.69,74,46,3.5,2021-04-22 02:54:40
222,Talnakh,RU,69.4865,88.3972,-7.69,94,100,4.65,2021-04-22 02:54:41
223,Lüderitz,NA,-26.6481,15.1594,18.71,68,40,3.54,2021-04-22 02:54:42
224,Bantogon,PH,6.5333,124.0333,28.58,70,5,2.35,2021-04-22 02:54:43
225,Ixtapa,MX,20.7,-105.2,25.0,78,20,3.6,2021-04-22 02:54:45
226,Seoul,KR,37.5683,126.9778,24.0,31,100,3.09,2021-04-22 02:42:07
227,Srednekolymsk,RU,67.45,153.6833,-0.07,98,71,6.75,2021-04-22 02:54:48
228,Kargasok,RU,59.0556,80.8572,-3.42,77,12,2.73,2021-04-22 02:54:49
229,Bubaque,GW,11.2833,-15.8333,25.41,68,83,5.9,2021-04-22 02:54:50
230,Kholodnyy,RU,62.7167,147.95,-0.74,77,99,5.61,2021-04-22 02:54:53
231,Akdepe,TM,42.0551,59.3788,7.0,33,0,5.14,2021-04-22 02:54:55
232,Mogadishu,SO,2.0371,45.3438,27.74,77,100,3.48,2021-04-22 02:54:57
233,Olafsvik,IS,64.8945,-23.7142,5.28,88,100,4.99,2021-04-22 02:54:58
234,Fairbanks,US,64.8378,-147.7164,8.89,23,1,2.06,2021-04-22 02:54:59
235,Pundaguitan,PH,6.3711,126.1689,28.63,71,5,1.82,2021-04-22 02:55:00
236,Pacific Grove,US,36.6177,-121.9166,11.11,89,71,3.5,2021-04-22 02:55:01
237,Weyburn,CA,49.6668,-103.8511,11.0,22,5,3.6,2021-04-22 02:55:02
238,Glace Bay,CA,46.1969,-59.957,7.78,100,90,4.12,2021-04-22 02:55:04
239,Mount Isa,AU,-20.7333,139.5,30.0,13,95,9.77,2021-04-22 02:55:05
240,Kununurra,AU,-15.7667,128.7333,33.0,27,42,5.14,2021-04-22 02:55:06
241,Kedrovyy,RU,56.1667,91.8167,1.0,44,0,2.0,2021-04-22 02:55:07
242,Kyra,RU,49.5776,111.9753,8.9,32,2,2.26,2021-04-22 02:55:08
243,Divnogorsk,RU,55.9594,92.3619,1.0,44,0,2.0,2021-04-22 02:55:09
244,Ilulissat,GL,69.2167,-51.1,-2.0,50,39,7.2,2021-04-22 02:55:10
245,Castro,BR,-24.7911,-50.0119,13.44,92,86,3.08,2021-04-22 02:55:12
246,Carnarvon,AU,-24.8667,113.6333,28.0,28,100,5.66,2021-04-22 02:55:13
247,Plomari,GR,38.9767,26.3681,12.0,62,0,1.03,2021-04-22 02:55:14
248,Northam,GB,51.0333,-4.2167,6.67,80,6,1.79,2021-04-22 02:55:15
249,Berlevåg,NO,70.8578,29.0864,2.48,68,100,6.4,2021-04-22 02:55:16
250,Qaanaaq,GL,77.484,-69.3632,-12.98,70,84,3.9,2021-04-22 02:55:17
251,Muros,ES,42.7762,-9.0603,12.78,95,99,3.34,2021-04-22 02:55:19
252,The Valley,AI,18.217,-63.0578,26.0,73,20,5.66,2021-04-22 02:55:20
253,Cururupu,BR,-1.8283,-44.8683,22.84,97,75,0.15,2021-04-22 02:55:21
254,Coaraci,BR,-14.6408,-39.5511,21.42,95,100,0.54,2021-04-22 02:55:22
255,Merke,KZ,42.8728,73.1786,3.24,85,63,1.58,2021-04-22 02:55:23
256,Nemuro,JP,43.3236,145.575,4.0,65,75,6.17,2021-04-22 02:55:24
257,Pochutla,MX,15.7432,-96.4661,27.78,57,63,0.45,2021-04-22 02:55:25
258,Te Anau,NZ,-45.4167,167.7167,12.87,80,100,2.64,2021-04-22 02:50:42
259,Mahon,ES,39.8885,4.2658,13.0,76,0,3.6,2021-04-22 02:55:28
260,Morón,AR,-34.6534,-58.6198,21.67,81,88,3.58,2021-04-22 02:55:29
261,Kyabé,TD,9.4515,18.9449,26.57,59,100,3.06,2021-04-22 02:55:30
262,Boquete,PA,8.7833,-82.4333,17.36,94,98,1.93,2021-04-22 02:55:31
263,Castelnau-le-Lez,FR,43.6333,3.9,8.89,93,0,3.6,2021-04-22 02:55:32
264,Porto Walter,BR,-8.2686,-72.7439,22.23,97,3,0.96,2021-04-22 02:55:35
265,Presidencia Roque Sáenz Peña,AR,-26.7852,-60.4388,25.0,68,66,3.58,2021-04-22 02:55:36
266,Bethalto,US,38.9092,-90.0407,4.0,81,75,2.87,2021-04-22 02:55:37
267,Pevek,RU,69.7008,170.3133,-0.56,72,23,7.23,2021-04-22 02:55:38
268,Baghdad,IQ,33.3406,44.4009,28.0,34,30,3.09,2021-04-22 02:55:39
269,Bayonet Point,US,28.3267,-82.6834,21.67,66,12,0.45,2021-04-22 02:51:57
270,Trelew,AR,-43.249,-65.3051,15.0,88,40,3.71,2021-04-22 02:55:42
271,Khanbari,NP,27.3747,87.2039,23.09,39,100,1.51,2021-04-22 02:55:43
272,Raudeberg,NO,61.9875,5.1352,3.89,76,86,7.81,2021-04-22 02:55:44
273,Itoman,JP,26.1247,127.6694,22.0,88,75,7.72,2021-04-22 02:55:45
274,Les Cayes,HT,18.2,-73.75,23.83,80,50,2.27,2021-04-22 02:55:46
275,Hendek,TR,40.7994,30.7481,6.0,100,8,1.81,2021-04-22 02:55:47
276,Olpād,IN,21.3333,72.75,27.0,83,20,3.48,2021-04-22 02:55:49
277,Alekseyevsk,RU,57.8406,108.3492,-1.16,67,26,1.72,2021-04-22 02:55:50
278,Acapulco de Juárez,MX,16.8634,-99.8901,27.0,74,75,3.09,2021-04-22 02:55:51
279,Aktau,KZ,43.65,51.2,15.0,21,0,7.0,2021-04-22 02:55:52
280,Belmonte,BR,-15.8631,-38.8828,25.0,83,75,1.54,2021-04-22 02:55:53
281,Saskylakh,RU,71.9167,114.0833,-11.08,83,97,5.18,2021-04-22 02:55:54
282,Beloha,MG,-25.1667,45.05,19.95,92,28,4.8,2021-04-22 02:55:55
283,Necaxa,MX,20.2167,-98.0,16.12,99,100,1.52,2021-04-22 02:55:57
284,Rome,US,43.2128,-75.4557,-0.56,93,90,2.57,2021-04-22 02:51:56
285,Constitución,CL,-35.3333,-72.4167,13.2,91,95,2.88,2021-04-22 02:55:59
286,Tuktoyaktuk,CA,69.4541,-133.0374,-11.0,73,20,10.29,2021-04-22 02:56:00
287,Atuona,PF,-9.8,-139.0333,26.86,77,28,9.96,2021-04-22 02:56:02
288,Orleans,US,30.0335,-89.9501,16.67,50,56,5.35,2021-04-22 02:56:03
289,Chambersburg,US,39.9376,-77.6611,2.22,48,1,3.58,2021-04-22 02:56:04
290,Bandarbeyla,SO,9.4942,50.8122,27.38,80,15,1.37,2021-04-22 02:56:05
291,Almaznyy,RU,48.0448,40.045,8.0,100,90,2.93,2021-04-22 02:56:06
292,Severo-Kuril'sk,RU,50.6789,156.125,2.76,92,100,6.11,2021-04-22 02:56:08
293,Lakes Entrance,AU,-37.8811,147.981,19.44,49,10,1.79,2021-04-22 02:56:09
294,Krasnosel'kup,RU,65.7,82.4667,-4.88,88,57,6.75,2021-04-22 02:56:10
295,São João da Barra,BR,-21.6403,-41.0511,21.27,86,0,6.87,2021-04-22 02:56:11
296,San Fernando,PH,15.0286,120.6898,30.0,74,75,1.03,2021-04-22 02:56:12
297,Austin,US,30.2672,-97.7431,15.0,38,75,3.6,2021-04-22 02:56:08
298,Cleethorpes,GB,53.5605,-0.0323,5.0,75,17,1.54,2021-04-22 02:54:21
299,Barcelona,ES,41.3888,2.159,11.67,82,75,2.06,2021-04-22 02:56:16
300,Vanimo,PG,-2.6741,141.3028,29.93,63,100,3.0,2021-04-22 02:56:17
301,Plettenberg Bay,ZA,-34.0527,23.3716,18.68,93,96,4.09,2021-04-22 02:56:18
302,Santiago del Estero,AR,-27.7951,-64.2615,20.9,88,100,5.73,2021-04-22 02:56:19
303,Verkhoyansk,RU,67.5447,133.385,-7.18,69,100,0.68,2021-04-22 02:56:20
304,Calabozo,VE,8.9242,-67.4293,29.51,37,7,3.77,2021-04-22 02:56:21
305,Pacifica,US,37.6138,-122.4869,11.11,87,90,2.57,2021-04-22 02:56:23
306,Ust-Kuyga,RU,70.0167,135.6,-10.75,77,27,1.57,2021-04-22 02:56:24
307,Padang,ID,-0.9492,100.3543,27.0,78,20,2.06,2021-04-22 02:55:03
308,Kargat,RU,55.1956,80.2811,-0.54,66,9,5.67,2021-04-22 02:56:28
309,Yumen,CN,40.2833,97.2,20.64,13,100,0.94,2021-04-22 02:56:29
310,Bom Conselho,BR,-9.1697,-36.6797,20.3,90,63,1.96,2021-04-22 02:56:31
311,Caravelas,BR,-17.7125,-39.2481,23.27,89,99,0.79,2021-04-22 02:56:32
312,Sibolga,ID,1.7427,98.7792,27.49,78,98,0.73,2021-04-22 02:56:33
313,Atar,MR,20.5169,-13.0499,24.33,19,0,3.75,2021-04-22 02:56:35
314,Hualmay,PE,-11.0964,-77.6139,19.71,88,1,4.13,2021-04-22 02:56:36
315,Beidao,CN,34.5686,105.8933,18.69,60,91,5.29,2021-04-22 02:56:37
316,Mirabela,BR,-16.2628,-44.1644,17.66,93,50,1.27,2021-04-22 02:56:38
317,Salalah,OM,17.0151,54.0924,26.0,73,40,2.06,2021-04-22 02:56:39
318,Derzhavīnsk,KZ,51.1,66.3167,7.21,58,6,2.27,2021-04-22 02:56:40
319,Gävle,SE,60.6745,17.1417,1.11,94,100,4.02,2021-04-22 02:56:42
320,Ketchikan,US,55.3422,-131.6461,13.0,47,1,4.12,2021-04-22 02:56:45
321,Akureyri,IS,65.6835,-18.0878,3.0,93,20,2.57,2021-04-22 02:56:46
322,Severo-Yeniseyskiy,RU,60.3725,93.0408,-1.34,88,15,0.86,2021-04-22 02:56:47
323,Henties Bay,NA,-22.116,14.2845,20.74,70,100,2.03,2021-04-22 02:56:48
324,Erenhot,CN,43.6475,111.9767,18.09,45,99,2.98,2021-04-22 02:56:50
325,Saint George,US,37.1041,-113.5841,22.0,11,1,10.8,2021-04-22 02:56:51
326,Lorengau,PG,-2.0226,147.2712,30.11,69,97,3.53,2021-04-22 02:56:52
327,Ponta do Sol,PT,32.6667,-17.1,17.22,78,79,0.45,2021-04-22 02:56:53
328,Nandigāma,IN,16.7833,80.3,30.0,74,90,3.09,2021-04-22 02:56:54
329,Khilchipur,IN,24.0333,76.5667,29.14,23,2,1.63,2021-04-22 02:56:55
330,Bara,NG,10.3744,10.7288,29.17,50,88,2.0,2021-04-22 02:56:57
331,Cayenne,GF,4.9333,-52.3333,25.0,94,75,1.54,2021-04-22 02:56:58
332,Dicabisagan,PH,17.0818,122.4157,29.43,66,100,1.91,2021-04-22 02:56:59
333,Fortuna,US,40.5982,-124.1573,10.56,93,90,4.63,2021-04-22 02:57:00
334,Mbaïki,CF,3.8678,17.9892,20.78,97,100,0.59,2021-04-22 02:57:01
335,Huilong,CN,31.8111,121.655,23.89,69,89,8.89,2021-04-22 02:57:04
336,Christchurch,NZ,-43.5333,172.6333,18.0,52,1,5.66,2021-04-22 02:56:12
337,Fort-Shevchenko,KZ,44.5086,50.263,15.58,29,100,4.83,2021-04-22 02:57:07
338,Ulverstone,AU,-41.15,146.1667,14.44,78,50,5.36,2021-04-22 02:57:08
339,Soe,ID,-9.8607,124.284,25.86,58,51,2.36,2021-04-22 02:57:09
340,Ballina,AU,-28.8667,153.5667,22.0,49,100,4.63,2021-04-22 02:57:10
341,Nuuk,GL,64.1835,-51.7216,-1.0,80,8,3.09,2021-04-22 02:57:12
342,Codrington,AU,-38.2667,141.9667,15.78,55,50,7.88,2021-04-22 02:57:13
343,Makakilo City,US,21.3469,-158.0858,29.0,58,1,5.14,2021-04-22 02:57:14
344,Nome,US,64.5011,-165.4064,7.0,36,1,1.54,2021-04-22 02:55:47
345,Morant Bay,JM,17.8815,-76.4093,28.0,65,20,5.14,2021-04-22 02:57:16
346,Boa Vista,BR,2.8197,-60.6733,28.0,61,0,4.63,2021-04-22 02:57:17
347,Spasskoye,RU,44.6108,132.7969,21.32,24,20,2.31,2021-04-22 02:57:19
348,Alta Floresta,BR,-9.8756,-56.0861,21.19,97,77,0.91,2021-04-22 02:57:20
349,Rāzole,IN,16.4833,81.8333,31.0,74,40,1.54,2021-04-22 02:57:21
350,Hailun,CN,47.45,126.9333,22.15,18,100,7.5,2021-04-22 02:57:22
351,Inuvik,CA,68.3499,-133.7218,-6.0,63,78,5.66,2021-04-22 02:57:23
352,Nelson Bay,AU,-32.7167,152.15,20.56,32,0,8.75,2021-04-22 02:57:24
353,Kwekwe,ZW,-18.9281,29.8149,11.23,82,0,2.88,2021-04-22 02:57:27
354,Bathsheba,BB,13.2167,-59.5167,26.0,65,40,8.75,2021-04-22 02:57:28
355,Pisco,PE,-13.7,-76.2167,19.44,88,14,6.69,2021-04-22 02:57:30
356,Saint-Ambroise,CA,48.5501,-71.3324,0.0,59,100,4.63,2021-04-22 02:57:31
357,Lagoa,PT,39.05,-27.9833,16.68,82,67,16.27,2021-04-22 02:57:32
358,Popondetta,PG,-8.7537,148.2534,31.03,62,98,2.02,2021-04-22 02:57:34
359,Cienfuegos,CU,22.1461,-80.4356,26.0,83,13,1.54,2021-04-22 02:57:35
360,Gumdag,TM,39.2061,54.5906,19.74,18,91,12.43,2021-04-22 02:57:36
361,Bonavista,CA,48.6499,-53.1147,0.56,100,9,0.51,2021-04-22 02:57:37
362,Grootfontein,NA,-19.5667,18.1167,12.27,50,0,2.15,2021-04-22 02:57:38
363,Linxia Chengguanzhen,CN,35.6003,103.2064,17.16,40,25,1.98,2021-04-22 02:54:21
364,Okha,RU,53.5739,142.9478,2.07,89,60,5.83,2021-04-22 02:57:41
365,Bastos,BR,-21.9219,-50.7339,17.63,67,0,3.51,2021-04-22 02:57:42
366,Mumford,GH,5.2618,-0.759,27.2,83,67,3.24,2021-04-22 02:57:43
367,Batemans Bay,AU,-35.7167,150.1833,18.89,46,34,2.22,2021-04-22 02:57:45
368,Saint John,CA,45.2727,-66.0677,12.78,87,90,5.66,2021-04-22 02:57:48
369,Junín,AR,-34.5838,-60.9433,17.78,63,100,2.36,2021-04-22 02:57:49
370,Healdsburg,US,38.6105,-122.8692,13.89,71,1,4.63,2021-04-22 02:57:50
371,Banda Aceh,ID,5.5577,95.3222,29.04,70,100,4.76,2021-04-22 02:57:51
372,Dubbo,AU,-32.25,148.6167,18.0,29,0,6.17,2021-04-22 02:55:30
373,Kozhva,RU,65.1073,57.0459,5.05,74,100,5.72,2021-04-22 02:57:54
374,Dudinka,RU,69.4058,86.1778,-2.17,95,100,7.26,2021-04-22 02:57:55
375,Amboasary,MG,-25.0333,46.3833,22.0,94,20,5.14,2021-04-22 02:57:56
376,Tsimmerbude,RU,54.675,20.1347,5.0,75,0,6.0,2021-04-22 02:57:57
377,Gewanē,ET,10.1664,40.6453,26.03,46,97,2.8,2021-04-22 02:57:58
378,Bahía de Caráquez,EC,-0.6,-80.4167,25.0,83,90,1.54,2021-04-22 02:57:59
379,Grand Gaube,MU,-20.0064,57.6608,24.44,86,99,0.89,2021-04-22 02:58:01
380,Cherskiy,RU,68.75,161.3,1.03,80,100,9.14,2021-04-22 02:58:02
381,Sande,DE,53.5049,8.0142,6.0,61,18,4.63,2021-04-22 02:58:03
382,Katobu,ID,-4.9408,122.5276,29.73,66,100,0.59,2021-04-22 02:58:06
383,Taoudenni,ML,22.6783,-3.9836,29.43,10,0,4.15,2021-04-22 02:58:07
384,Saint-Augustin,CA,51.226,-58.6502,2.27,85,97,2.52,2021-04-22 02:58:08
385,Russell,US,32.3502,-85.1999,12.0,53,1,3.6,2021-04-22 02:58:09
386,Kangaatsiaq,GL,68.3065,-53.4641,-8.14,85,60,4.16,2021-04-22 02:58:10
387,Massakory,TD,12.996,15.7293,28.48,10,51,3.69,2021-04-22 02:58:11
388,Florida,US,28.7505,-82.5001,21.67,73,1,2.06,2021-04-22 02:58:13
389,Margate,GB,51.3813,1.3862,6.11,69,23,1.79,2021-04-22 02:58:14
390,Griffith,US,41.5284,-87.4237,0.56,86,1,1.54,2021-04-22 02:58:15
391,Bairiki Village,KI,1.3292,172.9752,29.0,79,75,3.6,2021-04-22 02:58:16
392,Manavālakurichi,IN,8.1333,77.3,30.0,79,20,3.49,2021-04-22 02:58:17
393,Norman Wells,CA,65.282,-126.8329,0.0,47,75,10.29,2021-04-22 02:58:18
394,Tarauacá,BR,-8.1614,-70.7656,22.4,98,95,0.65,2021-04-22 02:58:20
395,Suntar,RU,62.1444,117.6319,-2.32,56,93,3.64,2021-04-22 02:55:04
396,Naranjal,EC,-2.6667,-79.6167,27.0,69,20,4.12,2021-04-22 02:58:22
397,Thoen,TH,17.6129,99.2161,33.33,79,9,1.18,2021-04-22 02:58:23
398,Port Blair,IN,11.6667,92.75,29.4,65,89,1.56,2021-04-22 02:56:15
399,Fort Nelson,CA,58.8053,-122.7002,0.0,43,75,2.06,2021-04-22 02:58:25
400,Lalibela,ET,12.0333,39.0333,15.71,53,91,2.28,2021-04-22 02:58:26
401,Pandan,PH,14.0453,124.1694,29.94,69,75,4.18,2021-04-22 02:58:28
402,Abū Zabad,SD,12.35,29.25,28.08,42,59,2.94,2021-04-22 02:58:29
403,Petropavlovsk-Kamchatskiy,RU,53.0452,158.6483,6.0,65,75,5.0,2021-04-22 02:58:30
404,Alice Springs,AU,-23.7,133.8833,24.0,20,0,6.69,2021-04-22 02:58:31
405,Ayagoz,KZ,47.9714,80.4392,0.45,66,100,4.08,2021-04-22 02:58:32
406,Kalmunai,LK,7.4167,81.8167,28.43,71,90,2.47,2021-04-22 02:58:33
407,Tarakan,ID,3.3,117.6333,29.0,79,40,3.09,2021-04-22 02:58:34
408,Øksfjord,NO,70.2396,22.3479,1.0,80,100,5.14,2021-04-22 02:58:36
409,Yangjiang,CN,21.85,111.9667,27.78,62,21,2.68,2021-04-22 02:58:37
410,Nikol'sk,RU,53.7189,46.0712,5.11,97,100,4.59,2021-04-22 02:58:38
411,Hay River,CA,60.8156,-115.7999,-5.0,68,100,6.17,2021-04-22 02:58:39
412,Azul,AR,-36.777,-59.8585,19.0,82,75,6.17,2021-04-22 02:58:40
413,Payo,ID,-3.7508,103.6372,30.18,61,23,1.12,2021-04-22 02:58:41
414,Ughelli,NG,5.4899,6.0074,24.79,93,70,1.25,2021-04-22 02:58:43
415,Ikom,NG,5.9667,8.7063,23.21,96,100,0.7,2021-04-22 02:58:44
416,Conceição da Barra,BR,-18.5933,-39.7322,22.07,89,55,1.19,2021-04-22 02:58:46
417,Mossamedes,AO,-15.1961,12.1522,27.07,69,39,1.7,2021-04-22 02:58:48
418,Puerto Escondido,MX,15.85,-97.0667,27.3,66,39,2.66,2021-04-22 02:58:49
419,Port-Gentil,GA,-0.7193,8.7815,27.83,81,100,2.19,2021-04-22 02:58:50
420,Micheweni,TZ,-4.9667,39.8333,25.45,85,100,6.48,2021-04-22 02:58:51
421,Craig,US,40.5153,-107.5464,4.0,75,1,2.06,2021-04-22 02:58:52
422,Bilma,NE,18.6853,12.9164,27.93,13,48,3.97,2021-04-22 02:58:53
423,Progreso,MX,21.2833,-89.6667,27.0,74,40,3.6,2021-04-22 02:58:55
424,La Antigua,CO,6.7153,-76.079,15.02,96,100,0.22,2021-04-22 02:58:56
425,Vila Franca do Campo,PT,37.7167,-25.4333,18.0,94,75,12.35,2021-04-22 02:58:57
426,Porto-Novo,BJ,6.4965,2.6036,29.0,84,20,4.12,2021-04-22 02:58:58
427,Phayakkhaphum Phisai,TH,15.5163,103.1937,31.0,66,20,2.57,2021-04-22 02:58:59
428,Homer,US,59.6425,-151.5483,11.67,50,1,1.54,2021-04-22 02:55:43
429,Mountain Home,US,43.133,-115.6912,16.0,16,1,4.63,2021-04-22 02:59:01
430,Ambilobe,MG,-13.2,49.05,22.36,83,99,1.81,2021-04-22 02:59:03
431,Bethel,US,41.3712,-73.414,4.0,52,90,5.66,2021-04-22 02:59:04
432,Labuhan,ID,-6.8844,112.2051,28.68,65,32,0.2,2021-04-22 02:59:05
433,Lavrentiya,RU,65.5833,-171.0,0.87,73,76,1.06,2021-04-22 02:59:06
434,Beaverlodge,CA,55.2166,-119.4361,0.0,93,90,7.72,2021-04-22 02:59:07
435,Antofagasta,CL,-23.65,-70.4,16.0,88,75,4.12,2021-04-22 02:59:10
436,Zaysan,KZ,47.4667,84.8667,0.64,58,66,4.11,2021-04-22 02:59:11
437,Freeport,US,40.6576,-73.5832,6.11,49,90,7.2,2021-04-22 02:59:12
438,Nago,JP,26.5881,127.9761,21.0,88,75,7.2,2021-04-22 02:58:50
439,Ustyuzhna,RU,58.8394,36.4321,2.14,95,92,3.56,2021-04-22 02:59:16
440,Menomonie,US,44.8755,-91.9193,1.67,55,90,1.68,2021-04-22 02:59:17
441,Marawi,PH,7.9986,124.2928,29.44,72,43,2.68,2021-04-22 02:59:19
442,Ābdānān,IR,32.9926,47.4198,23.43,30,55,2.46,2021-04-22 02:59:20
443,Kon Tum,VN,14.35,108.0,30.05,58,97,1.29,2021-04-22 02:55:32
444,Pokhara,NP,28.2333,83.9833,24.23,38,48,2.11,2021-04-22 02:59:22
445,Drayton Valley,CA,53.2168,-114.9854,3.13,84,100,9.04,2021-04-22 02:59:23
446,Staicele,LV,57.8364,24.75,3.33,83,98,1.79,2021-04-22 02:59:24
447,Opuwo,NA,-18.0607,13.84,19.95,36,41,5.23,2021-04-22 02:59:26
448,Abu Dhabi,AE,24.4667,54.3667,25.0,73,0,0.51,2021-04-22 02:52:13
449,Hebi,CN,35.8992,114.1925,15.04,69,89,3.67,2021-04-22 02:59:29
450,Margahayu,ID,-6.4264,105.8646,29.27,63,8,0.81,2021-04-22 02:59:31
451,Dunda,TZ,-8.1167,34.25,15.69,96,30,1.18,2021-04-22 02:59:32
452,Manggar,ID,-2.8833,108.2667,30.46,56,83,5.39,2021-04-22 02:59:33
453,Santa Cruz del Sur,CU,20.7147,-77.9956,25.25,79,76,2.65,2021-04-22 02:59:34
454,Itarema,BR,-2.9248,-39.9167,24.59,83,13,0.37,2021-04-22 02:59:35
455,Boysun,UZ,38.2061,67.1986,12.08,20,0,1.14,2021-04-22 02:59:36
456,Honningsvåg,NO,70.9821,25.9704,2.5,59,100,6.07,2021-04-22 02:59:37
457,Karratha,AU,-20.7377,116.8463,31.08,20,5,8.6,2021-04-22 02:59:40
458,Astoria,US,46.1879,-123.8313,11.0,76,90,3.09,2021-04-22 02:59:41
459,Rocha,UY,-34.4833,-54.3333,16.92,83,0,4.79,2021-04-22 02:59:42
460,Kisarazu,JP,35.3747,139.9225,24.0,16,75,4.12,2021-04-22 02:55:58
461,Gigmoto,PH,13.7796,124.39,29.41,73,89,6.35,2021-04-22 02:59:44
462,Görele,TR,41.0308,39.0031,12.0,87,75,2.06,2021-04-22 02:59:46
463,Luebo,CD,-5.35,21.4167,20.47,99,95,0.89,2021-04-22 02:59:47
464,Terney,RU,45.0503,136.6092,8.69,55,1,2.44,2021-04-22 02:59:48
465,Mandalgovi,MN,45.7625,106.2708,11.66,28,0,5.71,2021-04-22 02:59:49
466,Alofi,NU,-19.0595,-169.9187,30.0,70,75,4.63,2021-04-22 02:59:50
467,Kutum,SD,14.2,24.6667,23.49,14,56,3.74,2021-04-22 02:59:51
468,Bela,IN,25.9333,81.9833,28.55,34,16,1.61,2021-04-22 02:59:53
469,Ola,RU,59.5833,151.2833,0.49,97,100,1.41,2021-04-22 02:59:54
470,Ubinskoye,RU,55.3068,79.6802,-0.94,68,7,5.62,2021-04-22 02:59:55
471,Meadow Lake,US,34.8014,-106.5436,17.22,23,75,8.23,2021-04-22 02:59:56
472,Marabá,BR,-5.3686,-49.1178,22.27,98,100,0.86,2021-04-22 02:59:57
473,Ossora,RU,59.2353,163.0719,0.01,94,100,1.11,2021-04-22 02:59:58
474,Wahpeton,US,46.2652,-96.6059,4.44,70,1,4.12,2021-04-22 02:59:59
475,Baykit,RU,61.67,96.37,0.25,83,44,1.52,2021-04-22 03:00:01
476,Kharar,IN,30.7444,76.6478,23.65,46,3,4.92,2021-04-22 02:59:12
477,Nantucket,US,41.2835,-70.0995,10.0,93,90,6.17,2021-04-22 03:00:04
478,Hvolsvollur,IS,63.7533,-20.2243,3.33,97,100,2.68,2021-04-22 03:00:05
479,Bilibino,RU,68.0546,166.4372,-0.66,76,21,1.26,2021-04-22 03:00:06
480,Tyumen,RU,57.1522,65.5272,4.0,60,0,4.0,2021-04-22 03:00:07
481,Keti Bandar,PK,24.1447,67.4497,28.01,68,0,5.54,2021-04-22 03:00:09
482,Asău,RO,46.4333,26.4,5.56,59,0,2.71,2021-04-22 03:00:10
483,Wuda,CN,39.4994,106.7117,20.01,33,94,4.87,2021-04-22 03:00:12
484,Yoichi,JP,43.2039,140.7703,9.44,61,20,9.26,2021-04-22 03:00:13
485,Toowoomba,AU,-27.55,151.9667,18.33,42,0,3.6,2021-04-22 02:58:30
486,Balabac,PH,7.9868,117.0645,29.63,66,26,5.44,2021-04-22 03:00:16
487,Le Moule,GP,16.3332,-61.3473,25.0,73,0,2.06,2021-04-22 03:00:17
488,Province of Mantua,IT,45.1667,10.7833,9.44,88,80,1.34,2021-04-22 03:00:18
489,Fraga,ES,41.5229,0.3489,9.44,93,0,4.12,2021-04-22 03:00:19
490,Kudahuvadhoo,MV,2.6708,72.8944,27.88,68,62,2.28,2021-04-22 03:00:04
491,Ucluelet,CA,48.9329,-125.5528,12.22,81,100,1.88,2021-04-22 03:00:21
492,Aklavik,CA,68.2191,-135.0107,-6.0,63,98,5.66,2021-04-22 03:00:23
493,Timbiquí,CO,2.7717,-77.6654,23.99,90,80,0.9,2021-04-22 03:00:24
494,Kwang Binh,VN,17.4833,106.6,30.2,69,27,1.77,2021-04-22 02:56:03
495,Maningrida,AU,-12.0667,134.2667,32.37,50,91,1.85,2021-04-22 03:00:26
496,Mackenzie,CA,55.2999,-123.1698,2.0,55,90,7.2,2021-04-22 03:00:27
497,Indian Trail,US,35.0768,-80.6692,8.0,42,1,5.14,2021-04-22 03:00:28
498,Ust-Tsilma,RU,65.441,52.1498,4.64,88,100,4.73,2021-04-22 03:00:30
499,Sistranda,NO,63.7256,8.834,2.0,87,75,7.72,2021-04-22 03:00:31
500,Petatlán,MX,17.5167,-101.2667,23.58,59,34,1.52,2021-04-22 03:00:32
501,Ankazoabo,MG,-22.2833,44.5167,19.31,67,1,1.53,2021-04-22 03:00:33
502,Petrovsk,RU,52.3064,45.3917,6.02,97,53,4.18,2021-04-22 03:00:34
503,Mamlyutka,KZ,54.9375,68.5394,0.0,64,0,6.0,2021-04-22 03:00:35
504,Neosho,US,36.869,-94.368,6.11,60,1,2.06,2021-04-22 03:00:37
505,Zaozyornoye,UA,45.1582,33.2787,7.78,66,3,3.96,2021-04-22 03:00:38
506,Yārāda,IN,17.65,83.2667,31.0,62,40,2.57,2021-04-22 03:00:39
507,Lensk,RU,60.7253,114.9278,-1.75,63,87,3.1,2021-04-22 03:00:40
508,Kamaishi,JP,39.2667,141.8833,18.0,29,20,6.17,2021-04-22 02:55:44
509,Vestmannaeyjar,IS,63.4427,-20.2734,6.76,81,100,5.86,2021-04-22 03:00:42
510,The Pas,CA,53.8251,-101.2541,11.0,35,1,2.57,2021-04-22 03:00:44
511,Aden,YE,12.7794,45.0367,26.96,77,7,7.03,2021-04-22 02:59:48
512,Gazli,UZ,40.1333,63.45,10.55,32,21,10.19,2021-04-22 03:00:46
513,Roald,NO,62.5833,6.1333,3.0,81,90,6.17,2021-04-22 03:00:47
514,Barichara,CO,6.6357,-73.2228,18.48,90,49,0.65,2021-04-22 03:00:48
515,Chipinge,ZW,-20.1883,32.6236,12.02,96,5,1.44,2021-04-22 03:00:50
516,Porto Belo,BR,-27.1578,-48.5531,22.22,88,75,2.57,2021-04-22 03:00:51
517,Cortez,US,37.3489,-108.5859,17.0,9,1,7.2,2021-04-22 03:00:52
518,Guarapari,BR,-20.6667,-40.4975,23.0,83,0,2.06,2021-04-22 03:00:53
519,Port Lincoln,AU,-34.7333,135.8667,16.63,56,100,5.54,2021-04-22 03:00:54
520,Araouane,ML,18.9048,-3.5265,27.74,10,10,4.07,2021-04-22 03:00:55
521,Vangaindrano,MG,-23.35,47.6,21.92,86,90,0.54,2021-04-22 03:00:56
522,Oistins,BB,13.0667,-59.5333,26.0,65,40,8.75,2021-04-22 03:00:58
523,Çerkezköy,TR,41.285,28.0003,5.0,93,0,2.57,2021-04-22 03:00:59
524,Xinxiang,CN,35.3089,113.8672,18.25,58,35,2.3,2021-04-22 02:56:30
525,Andenes,NO,69.3143,16.1194,0.0,59,40,2.06,2021-04-22 03:01:01
526,Ambon City,ID,-3.6954,128.1814,32.0,66,40,1.54,2021-04-22 02:56:27
527,Kamenka,RU,51.3223,42.7678,4.44,95,14,2.79,2021-04-22 03:01:03
528,Najrān,SA,17.4924,44.1277,18.0,19,0,2.06,2021-04-22 03:01:05
529,Bay Roberts,CA,47.5999,-53.2648,3.33,86,12,0.45,2021-04-22 03:01:06
530,Richards Bay,ZA,-28.783,32.0377,18.89,90,49,3.1,2021-04-22 03:01:07
531,Khani,GE,41.9563,42.9566,10.0,93,90,1.03,2021-04-22 03:01:08
532,Semey,KZ,50.4111,80.2275,0.0,69,75,5.0,2021-04-22 03:01:09
533,Prainha,BR,-1.8,-53.48,23.98,89,98,0.86,2021-04-22 03:01:10
534,Geraldton,AU,-28.7667,114.6,27.0,28,84,7.2,2021-04-22 02:59:45
535,Lima,PE,-12.0432,-77.0282,19.0,82,0,5.66,2021-04-22 02:59:49
536,Getulio Vargas,UY,-32.6796,-53.5494,17.57,77,0,5.19,2021-04-22 03:01:14
537,Leshukonskoye,RU,64.8989,45.7622,3.6,94,100,4.8,2021-04-22 03:01:15
538,Bloomingdale,US,27.8936,-82.2404,21.0,73,1,3.67,2021-04-22 03:01:16
539,Kieta,PG,-6.2167,155.6333,28.39,77,54,0.69,2021-04-22 03:01:17
540,Nadym,RU,65.5333,72.5167,-0.13,96,99,5.78,2021-04-22 03:01:18
541,Juba,SS,4.8517,31.5825,21.37,89,88,1.91,2021-04-22 03:01:20
542,Igpit,PH,8.5108,124.5867,29.44,72,57,3.58,2021-04-22 03:01:21
543,Tarpon Springs,US,28.1461,-82.7568,22.78,68,1,3.6,2021-04-22 03:01:22
544,Marsh Harbour,BS,26.5412,-77.0636,23.91,82,100,5.77,2021-04-22 03:01:23
545,Praia,CV,14.9215,-23.5087,21.0,78,20,6.17,2021-04-22 03:01:24
546,Narsaq,GL,60.9167,-46.05,8.0,31,75,14.4,2021-04-22 03:01:25
547,St. George's,GD,12.0564,-61.7485,26.0,83,20,7.72,2021-04-22 03:00:12
548,Ayr,GB,55.4627,-4.6339,3.0,75,93,2.06,2021-04-22 03:01:28
549,Hasaki,JP,35.7333,140.8333,25.0,18,40,7.2,2021-04-22 03:00:56
550,Mirny,RU,62.5353,113.9611,-3.58,62,31,4.17,2021-04-22 03:01:30
551,Arari,BR,-3.4536,-44.78,22.21,94,83,0.87,2021-04-22 03:01:31
552,San Cristobal,VE,7.7669,-72.225,28.0,65,40,1.54,2021-04-22 03:01:32
553,Kumul,CN,42.8,93.45,19.46,25,97,6.77,2021-04-22 03:01:34
554,Marshall,US,34.3834,-86.3333,5.0,75,1,1.54,2021-04-22 03:01:35
555,Talaya,RU,61.3833,152.75,0.88,82,95,3.22,2021-04-22 03:01:37
556,Sebezh,RU,56.2955,28.4654,3.89,87,98,2.83,2021-04-22 03:01:39
557,Arrondissement de Bastia,FR,42.6667,9.3333,11.11,93,90,1.03,2021-04-22 03:01:40
558,Broome,US,42.2506,-75.833,-1.11,74,40,3.6,2021-04-22 03:01:41
559,Kulykiv,UA,50.3142,24.8176,6.11,90,27,0.89,2021-04-22 03:01:42
560,Tezu,IN,27.9167,96.1667,32.04,25,87,1.26,2021-04-22 03:01:43
561,Marsabit,KE,2.3284,37.9899,17.78,88,100,6.94,2021-04-22 03:01:44
562,Inyonga,TZ,-6.7167,32.0667,15.91,97,69,2.02,2021-04-22 03:01:46
563,Puerto Quijarro,BO,-17.7833,-57.7667,23.41,57,0,1.08,2021-04-22 03:01:47
564,Shima,CN,24.4478,117.8111,28.0,57,0,3.0,2021-04-22 03:01:48
565,Los Llanos de Aridane,ES,28.6585,-17.9182,19.0,72,90,2.57,2021-04-22 03:01:49
566,Kailua,US,21.4022,-157.7394,29.0,69,20,4.12,2021-04-22 03:01:50
567,San Carlos del Zulia,VE,9.0,-71.9135,25.27,76,7,2.66,2021-04-22 03:01:53
568,Katsuura,JP,35.1333,140.3,25.0,16,75,4.12,2021-04-22 03:01:54
569,Taganak,PH,6.0833,118.3,32.0,66,40,2.06,2021-04-22 03:01:55
570,Terdāl,IN,16.5,75.05,31.2,25,91,5.73,2021-04-22 03:01:58
571,Trincomalee,LK,8.5711,81.2335,27.37,78,58,2.98,2021-04-22 03:00:07
572,Epe,NG,6.5841,3.9834,24.57,92,100,1.07,2021-04-22 03:02:00
573,San Lorenzo,PY,-25.3333,-57.5333,24.0,64,0,2.06,2021-04-22 03:02:01
574,Poya,NC,-21.35,165.15,26.31,74,56,3.6,2021-04-22 03:02:02
575,Karachi,PK,24.9056,67.0822,28.0,74,40,2.57,2021-04-22 03:01:25
576,Eydhafushi,MV,5.1033,73.0708,28.07,73,47,3.83,2021-04-22 03:00:05
577,Toma,BF,12.7667,-2.8833,30.47,40,100,3.8,2021-04-22 03:02:06
578,Kiryat Gat,IL,31.61,34.7642,15.56,85,15,2.35,2021-04-22 03:02:07
579,Teshie,GH,5.5836,-0.1072,29.0,79,0,4.12,2021-04-22 03:02:08
580,Barra do Garças,BR,-15.89,-52.2567,20.44,68,0,0.58,2021-04-22 03:02:09
581,Alugan,PH,12.2188,125.4808,29.03,70,49,5.11,2021-04-22 03:02:10
582,Palmer,US,42.1584,-72.3287,2.22,75,90,7.72,2021-04-22 03:02:11
583,Zemio,CF,5.0314,25.1361,19.65,92,90,1.26,2021-04-22 03:02:13
584,Treinta y Tres,UY,-33.2333,-54.3833,15.82,87,0,3.79,2021-04-22 03:02:14
585,Sukhinichi,RU,54.0999,35.3425,3.1,94,60,4.14,2021-04-22 03:02:15
586,Belaya Gora,RU,68.5333,146.4167,-6.72,82,100,6.61,2021-04-22 03:02:16
587,Posse,BR,-14.0931,-46.3694,19.44,88,63,0.65,2021-04-22 03:02:17
588,Auki,SB,-8.7676,160.7034,28.58,75,95,0.55,2021-04-22 03:02:18
589,Laurel,US,39.0993,-76.8483,5.56,36,1,3.09,2021-04-22 03:02:21
590,Mount Darwin,ZW,-16.7725,31.5838,12.6,95,6,0.95,2021-04-22 03:02:22
591,Talcahuano,CL,-36.7167,-73.1167,13.0,82,75,3.09,2021-04-22 03:02:23
592,Dukat,RU,62.55,155.55,-2.82,90,100,2.92,2021-04-22 03:02:24
593,Ende,ID,-8.8432,121.6623,29.65,60,7,1.83,2021-04-22 03:02:25
594,North Little Rock,US,34.7695,-92.2671,11.67,57,40,2.51,2021-04-22 03:02:26
595,Pangnirtung,CA,66.1451,-65.7125,-5.01,96,100,1.49,2021-04-22 03:02:28
596,Kinshasa,CD,-4.3246,15.3215,25.0,83,100,1.03,2021-04-22 02:58:41
597,Cuamba,MZ,-14.8031,36.5372,18.07,97,96,1.55,2021-04-22 03:02:30
598,Tazovsky,RU,67.4667,78.7,-0.5,95,100,6.11,2021-04-22 03:02:31
599,Anchorage,US,61.2181,-149.9003,16.0,33,1,3.09,2021-04-22 03:02:32
600,Sabang,ID,5.8933,95.3214,28.5,74,100,6.56,2021-04-22 03:02:33
601,Carauari,BR,-4.8828,-66.8958,22.41,97,100,0.55,2021-04-22 03:02:34
602,Yantal',RU,56.8471,105.2542,-0.94,51,6,2.13,2021-04-22 03:02:36
603,Burē,ET,10.7,37.0667,17.09,60,100,2.96,2021-04-22 03:02:37
604,Walvis Bay,NA,-22.9575,14.5053,18.33,86,46,3.16,2021-04-22 03:02:38
605,Springfield,US,37.2153,-93.2982,4.44,60,1,4.12,2021-04-22 03:02:39
606,Kilindoni,TZ,-7.9139,39.6668,25.74,83,100,6.81,2021-04-22 03:02:42
607,Minot,US,48.2325,-101.2963,7.0,33,1,3.6,2021-04-22 03:02:43
608,Kyzyl-Suu,KG,42.3414,78.0056,2.24,82,100,2.23,2021-04-22 03:02:44
609,Coahuayana Viejo,MX,18.7333,-103.6833,21.2,73,52,1.08,2021-04-22 03:02:45
610,Staryy Nadym,RU,65.6118,72.6842,-0.05,98,99,5.77,2021-04-22 03:02:47
611,Motala,SE,58.5371,15.0365,2.0,87,90,6.17,2021-04-22 03:02:48
612,Singaparna,ID,-7.3515,108.111,28.33,52,17,2.08,2021-04-22 03:00:03
613,Zheleznogorsk,RU,52.331,35.3711,3.26,93,73,3.37,2021-04-22 03:02:50
614,Porto Santo,PT,33.072,-16.3415,19.0,88,75,3.09,2021-04-22 03:02:51
615,Coihueco,CL,-36.6167,-71.8333,14.0,100,90,2.57,2021-04-22 03:02:52
616,Pāsighāt,IN,28.0667,95.3333,30.13,37,67,1.76,2021-04-22 03:02:53
617,Kapoeta,SS,4.7717,33.5903,22.28,83,100,1.88,2021-04-22 03:02:55
618,Megion,RU,61.0296,76.1136,-2.0,59,0,3.0,2021-04-22 03:02:56
619,Changtu,CN,42.7788,124.0955,18.58,29,100,9.29,2021-04-22 03:02:57
620,Husavik,IS,66.0449,-17.3389,3.0,93,20,2.57,2021-04-22 03:02:58
621,Kitimat,CA,54.0524,-128.6534,13.33,50,51,0.61,2021-04-22 03:02:59
622,George Town,MY,5.4112,100.3354,30.56,79,20,1.54,2021-04-22 02:59:00
623,Hofn,IS,64.2539,-15.2082,4.78,56,100,2.34,2021-04-22 03:03:03
624,Bullhead City,US,35.1478,-114.5683,26.11,11,1,4.12,2021-04-22 03:03:04
625,Buraidah,SA,26.326,43.975,21.0,35,0,1.03,2021-04-22 03:03:05
626,Sheksna,RU,59.21,38.5107,3.0,100,75,2.0,2021-04-22 03:03:06
627,Korla,CN,41.7597,86.1469,18.27,26,100,7.21,2021-04-22 03:03:07
628,Lázaro Cárdenas,MX,17.9583,-102.2,23.65,66,5,1.5,2021-04-22 03:03:08
629,Caudry,FR,50.1249,3.4119,4.0,75,0,5.14,2021-04-22 03:03:10
630,Nurota,UZ,40.5614,65.6886,10.0,57,4,3.09,2021-04-22 03:03:11
631,Rosarito,MX,32.3333,-117.0333,14.0,82,90,2.57,2021-04-22 03:03:12
632,Wanaka,NZ,-44.7,169.15,16.67,65,88,1.34,2021-04-22 03:00:00
633,Praia da Vitória,PT,38.7333,-27.0667,18.0,100,75,17.03,2021-04-22 03:03:14
634,Mpongwe,ZM,-13.5091,28.155,13.91,91,0,2.25,2021-04-22 03:03:15
635,Onalaska,US,43.8844,-91.2351,3.0,44,75,3.09,2021-04-22 03:03:17
636,Evensk,RU,61.95,159.2333,-0.01,81,100,2.09,2021-04-22 03:03:18
637,Ternate,ID,0.8,127.4,29.41,71,28,2.77,2021-04-22 03:03:19
638,Jiwani,PK,25.05,61.7417,27.76,67,0,4.05,2021-04-22 03:03:20
639,College,US,64.8569,-147.8028,9.0,25,1,0.41,2021-04-22 03:03:21
640,Yarega,RU,63.4354,53.5765,4.88,71,100,4.96,2021-04-22 03:03:22
641,Abonnema,NG,4.7084,6.7931,25.94,86,96,1.88,2021-04-22 03:03:23
642,Villa Carlos Paz,AR,-31.4241,-64.4978,17.78,76,100,0.94,2021-04-22 03:03:25
643,Smithers,CA,54.7804,-127.1743,14.0,24,20,5.14,2021-04-22 03:03:27
644,Bouca,CF,6.5105,18.2733,21.16,90,91,1.83,2021-04-22 03:03:28
645,Madarounfa,NE,13.3087,7.156,29.68,31,100,1.49,2021-04-22 03:03:29
646,Mersing,MY,2.4312,103.8405,26.0,94,20,1.54,2021-04-22 03:03:30
647,Burnie,AU,-41.0667,145.9167,12.78,74,57,5.36,2021-04-22 03:03:31
648,Qaqortoq,GL,60.7167,-46.0333,8.0,31,75,14.4,2021-04-22 03:03:33
649,Zhob,PK,31.3411,69.4481,18.35,45,1,2.15,2021-04-22 03:03:34
650,Sarāhan,IN,31.5167,77.8,9.7,68,100,0.74,2021-04-22 03:03:35
651,Hayden,US,47.766,-116.7866,11.11,43,1,3.09,2021-04-22 03:03:36
652,Sunrise Manor,US,36.2111,-115.0731,23.33,23,1,7.2,2021-04-22 03:03:37
653,Awjilah,LY,29.1081,21.2869,17.15,39,1,5.9,2021-04-22 03:03:38
654,Douentza,ML,14.9951,-2.9517,30.43,13,84,1.19,2021-04-22 03:03:40
655,Shitanjing,CN,39.2342,106.3439,15.8,47,98,4.08,2021-04-22 03:03:39
656,Mazatlán,MX,23.2167,-106.4167,25.56,53,20,2.06,2021-04-22 03:03:43
657,Óbidos,BR,-1.9175,-55.5181,23.29,93,66,1.16,2021-04-22 03:03:45
658,Guangyuan,CN,32.442,105.823,18.66,80,100,1.6,2021-04-22 03:03:04
659,Agirish,RU,61.9247,63.0231,4.93,76,94,4.48,2021-04-22 03:03:47
660,Dhankutā,NP,26.9833,87.3333,22.66,34,100,2.45,2021-04-22 03:03:48
661,Sorong,ID,-0.8833,131.25,28.68,72,55,1.9,2021-04-22 03:03:49
662,Carndonagh,IE,55.25,-7.2667,4.63,90,45,2.38,2021-04-22 03:03:50
663,Jurm,AF,36.8648,70.8342,8.2,77,99,1.03,2021-04-22 03:03:52
664,Salinópolis,BR,-0.6136,-47.3561,25.14,88,100,2.55,2021-04-22 03:03:53
665,Cadillac,US,44.2519,-85.4012,-5.0,74,1,2.02,2021-04-22 03:03:54
666,De Aar,ZA,-30.6497,24.0123,15.38,39,84,2.05,2021-04-22 03:03:55
667,Natal,BR,-5.795,-35.2094,27.0,94,40,1.54,2021-04-22 03:03:56
668,Toyooka,JP,35.5333,134.8333,20.0,26,0,1.54,2021-04-22 03:00:46
669,Tual,ID,-5.6667,132.75,28.46,71,28,2.22,2021-04-22 03:03:58
670,Kirensk,RU,57.7853,108.1119,-0.93,64,25,1.46,2021-04-22 03:04:00
671,Dembī Dolo,ET,8.5333,34.8,15.58,80,100,0.85,2021-04-22 03:04:01
672,Alenquer,BR,-1.9417,-54.7383,24.0,100,40,1.12,2021-04-22 03:04:02
673,Monroe,US,43.1501,-77.6831,0.56,59,40,6.17,2021-04-22 03:04:03
674,Kendari,ID,-3.945,122.4989,28.58,73,100,1.96,2021-04-22 03:04:04
675,Dali,CN,25.7,100.1833,22.76,26,4,2.72,2021-04-22 03:04:05
676,Tegul'det,RU,57.3064,88.1667,-0.32,78,8,2.09,2021-04-22 03:04:07
677,Zatoka,UA,46.0725,30.4654,7.0,100,90,4.08,2021-04-22 03:04:08
678,La Orilla,MX,17.9833,-102.2333,23.26,66,2,1.39,2021-04-22 03:04:09
679,Provideniya,RU,64.3833,-173.3,1.0,60,0,0.85,2021-04-22 03:04:12
680,Eureka,US,40.8021,-124.1637,10.56,85,19,1.79,2021-04-22 03:04:13
681,Changji,CN,44.0167,87.3167,4.0,75,90,1.0,2021-04-22 03:02:53
682,Dauphin,CA,51.1494,-100.0502,9.0,43,1,4.12,2021-04-22 03:04:15
683,Laramie,US,41.3114,-105.5911,-2.78,86,90,8.75,2021-04-22 03:04:16
684,Limenaria,GR,40.6261,24.5786,11.11,91,0,1.64,2021-04-22 03:04:17
685,Port Hueneme,US,34.1478,-119.1951,15.0,82,75,6.17,2021-04-22 03:04:19
686,Haverfordwest,GB,51.8017,-4.9691,8.89,80,8,6.26,2021-04-22 03:03:56
687,Omboué,GA,-1.5746,9.2618,26.22,88,100,1.53,2021-04-22 03:04:22
688,Kommunisticheskiy,RU,61.6789,64.4819,4.35,77,90,4.37,2021-04-22 03:04:23
689,Straumen,NO,63.8709,11.2999,2.22,80,75,6.17,2021-04-22 03:04:24
690,Charters Towers,AU,-20.1,146.2667,18.25,93,100,7.45,2021-04-22 03:04:26
691,Talas,TR,38.6908,35.5538,3.0,81,20,1.54,2021-04-22 03:04:27
692,Kefamenanu,ID,-9.4467,124.4781,28.23,59,10,1.65,2021-04-22 03:04:28
693,San Juan,AR,-31.5375,-68.5364,14.29,65,72,1.6,2021-04-22 03:04:29
694,Chifeng,CN,42.2683,118.9636,15.08,34,100,4.28,2021-04-22 03:01:09
695,Mangai,CD,-4.05,19.5333,20.91,96,85,1.03,2021-04-22 03:04:31
696,Bien Hoa,VN,10.95,106.8167,28.0,83,90,1.54,2021-04-22 03:03:55
697,Sambava,MG,-14.2667,50.1667,23.92,86,100,4.58,2021-04-22 03:04:34
698,Savé,BJ,8.0425,2.486,23.56,83,100,2.2,2021-04-22 03:04:36
699,Kyren,RU,51.6828,102.1408,-3.63,87,100,1.74,2021-04-22 03:04:37
700,Kashgar,CN,39.4547,75.9797,14.0,8,40,9.0,2021-04-22 03:02:59
701,Mehamn,NO,71.0357,27.8492,2.0,87,75,5.14,2021-04-22 03:04:39
702,Yarensk,RU,62.1675,49.0916,3.29,95,100,4.56,2021-04-22 03:04:41
703,Farah,AF,32.5,62.5,20.08,26,0,2.93,2021-04-22 03:04:42
704,Novobirilyussy,RU,56.9514,90.6661,0.03,69,29,2.4,2021-04-22 03:04:43
705,Vao,NC,-22.6667,167.4833,24.04,73,4,1.53,2021-04-22 03:04:44
706,Sosnovoborsk,RU,56.1325,93.3589,1.0,44,0,2.0,2021-04-22 03:04:47
707,Gambēla,ET,8.25,34.5833,23.47,77,100,1.45,2021-04-22 03:04:48
708,Kropotkin,RU,45.4375,40.5756,8.94,90,100,0.94,2021-04-22 03:04:49
709,Assiut,EG,27.181,31.1837,22.0,43,0,4.12,2021-04-22 03:04:50
710,Cartagena del Chairá,CO,1.3349,-74.8429,21.84,91,63,0.78,2021-04-22 03:04:51
711,Malé,MV,4.1748,73.5089,29.0,74,75,3.6,2021-04-22 03:03:12
712,Walla Walla,US,46.0646,-118.343,16.0,27,1,2.57,2021-04-22 03:04:17
713,Teya,RU,60.3778,92.6267,0.22,90,42,0.59,2021-04-22 03:04:55
714,Dārāb,IR,28.7519,54.5444,24.17,23,34,1.35,2021-04-22 03:04:56
715,Tautira,PF,-17.7333,-149.15,30.0,54,75,4.63,2021-04-22 03:04:57
716,Savelugu,GH,9.6244,-0.8253,29.12,58,58,4.67,2021-04-22 03:03:43
717,Bonthe,SL,7.5264,-12.505,26.73,81,100,1.2,2021-04-22 03:04:59
718,North Platte,US,41.1239,-100.7654,4.44,55,1,2.57,2021-04-22 03:05:01
719,Beyneu,KZ,45.3167,55.2,12.01,21,100,10.99,2021-04-22 03:05:04
720,Tianpeng,CN,30.9866,103.9393,22.22,83,20,1.0,2021-04-22 03:05:06
721,Platteville,US,42.7342,-90.4785,2.0,51,75,3.09,2021-04-22 03:05:07
722,Salinas,US,36.6777,-121.6555,12.0,76,90,5.14,2021-04-22 03:05:08
723,Atambua,ID,-9.1061,124.8925,27.97,62,30,0.97,2021-04-22 03:05:09
724,Barra de Tecoanapa,MX,16.5167,-98.75,25.99,66,100,2.37,2021-04-22 03:05:10
725,Tangping,CN,22.0265,111.9323,27.78,62,29,2.04,2021-04-22 03:05:11
726,Fereydūnkenār,IR,36.6864,52.5225,17.0,88,0,5.14,2021-04-22 03:05:13
727,Oranjemund,NA,-28.55,16.4333,15.17,87,0,1.66,2021-04-22 03:05:14
728,Celestún,MX,20.8667,-90.4,25.58,83,31,6.66,2021-04-22 03:05:15
729,Beroroha,MG,-21.6667,45.1667,19.35,85,37,1.57,2021-04-22 03:05:16
730,Khabarovsk,RU,48.4808,135.0928,21.0,12,0,4.0,2021-04-22 03:05:18
731,Chicama,PE,-7.8447,-79.1469,21.31,80,37,3.08,2021-04-22 03:05:20
732,Yenagoa,NG,4.9247,6.2642,25.4,91,53,1.61,2021-04-22 03:05:21
733,Humberto de Campos,BR,-2.5983,-43.4611,23.57,92,88,0.13,2021-04-22 03:05:22
734,Mineiros,BR,-17.5694,-52.5511,17.39,58,0,1.7,2021-04-22 03:05:23
735,Ovalle,CL,-30.5983,-71.2003,16.87,70,100,0.58,2021-04-22 03:05:24
736,Skjervøy,NO,70.0311,20.9714,2.39,57,100,6.19,2021-04-22 03:05:25
737,Tieli,CN,46.95,128.05,22.0,22,100,5.4,2021-04-22 03:05:26
738,Chimoré,BO,-16.9833,-65.1333,22.8,98,73,0.48,2021-04-22 03:05:28
739,Prince Rupert,CA,54.3161,-130.3201,9.0,76,1,2.06,2021-04-22 03:05:29
